[
{
    "model": "toko.produkitem",
    "pk": 1,
    "fields": {
        "nama_produk": "Lot more.",
        "harga": 0.3919919723951393,
        "harga_diskon": 0.9401287616133644,
        "slug": "rest-medical-wall",
        "deskripsi": "Accept various everything unit away. Truth increase happen around full represent these from. Anything he example specific peace art act.",
        "gambar": "meeting.avi",
        "label": "BEST",
        "kategori": "SC"
    }
},
{
    "model": "toko.produkitem",
    "pk": 2,
    "fields": {
        "nama_produk": "Onto.",
        "harga": 0.5341823119667143,
        "harga_diskon": 0.03667918102765777,
        "slug": "political-teach",
        "deskripsi": "Very very take campaign end. Along tree against medical cell occur put. Growth decade unit most official blue. Let control cold somebody successful ever bag.",
        "gambar": "character.js",
        "label": "BEST",
        "kategori": "OW"
    }
},
{
    "model": "toko.produkitem",
    "pk": 3,
    "fields": {
        "nama_produk": "Example.",
        "harga": 0.5833652712696276,
        "harga_diskon": 0.2481791222890366,
        "slug": "lawyer-training",
        "deskripsi": "Actually rule population line accept inside job. Paper people ground.",
        "gambar": "section.mp4",
        "label": "SALE",
        "kategori": "P"
    }
},
{
    "model": "toko.produkitem",
    "pk": 4,
    "fields": {
        "nama_produk": "Represent.",
        "harga": 0.20107104280614818,
        "harga_diskon": 0.5628763244451848,
        "slug": "accept-lead",
        "deskripsi": "Ago audience technology. Huge offer agreement magazine decide ready.\nSon town here figure despite first whether. Field if section.",
        "gambar": "already.bmp",
        "label": "NEW",
        "kategori": "S"
    }
},
{
    "model": "toko.produkitem",
    "pk": 5,
    "fields": {
        "nama_produk": "Prove.",
        "harga": 0.23284459087056397,
        "harga_diskon": 0.11172867213090998,
        "slug": "do-consider-whom",
        "deskripsi": "Alone minute strong often part physical. Before weight draw build attack show.\nEnter affect prepare every commercial well along consider. End middle dark picture go.",
        "gambar": "himself.gif",
        "label": "SALE",
        "kategori": "OW"
    }
},
{
    "model": "toko.produkitem",
    "pk": 6,
    "fields": {
        "nama_produk": "All nor.",
        "harga": 0.5852401294416103,
        "harga_diskon": 0.6093764078714907,
        "slug": "ask-reveal-west",
        "deskripsi": "Better space worker. Back example accept account those.\nWhite force seem them. Pass value challenge how she.\nReveal speak always middle trouble blue million. Store imagine view half business.",
        "gambar": "against.css",
        "label": "SALE",
        "kategori": "SC"
    }
},
{
    "model": "toko.produkitem",
    "pk": 7,
    "fields": {
        "nama_produk": "Rise.",
        "harga": 0.5770216039316928,
        "harga_diskon": 0.34434836580757633,
        "slug": "field-would-other",
        "deskripsi": "Agree others trip certainly. Language call to option.\nMarriage decision benefit event line. Film until leave finally democratic.",
        "gambar": "foreign.avi",
        "label": "SALE",
        "kategori": "S"
    }
},
{
    "model": "toko.produkitem",
    "pk": 8,
    "fields": {
        "nama_produk": "Join.",
        "harga": 0.0330593658240379,
        "harga_diskon": 0.8209395858115557,
        "slug": "where-remember",
        "deskripsi": "According not value him TV. Toward million know set democratic left. Agency huge spend return.\nCamera dream kind race with. Inside but provide power there some despite.",
        "gambar": "heart.jpg",
        "label": "NEW",
        "kategori": "OW"
    }
},
{
    "model": "toko.produkitem",
    "pk": 9,
    "fields": {
        "nama_produk": "Surface.",
        "harga": 0.7852022061540911,
        "harga_diskon": 0.5069292375304134,
        "slug": "success-look",
        "deskripsi": "Successful space public within spend turn hour. Message form research probably church name. Glass apply light accept I.\nGrowth it could the. South tough pretty reality for six quickly close.",
        "gambar": "change.css",
        "label": "SALE",
        "kategori": "S"
    }
},
{
    "model": "toko.produkitem",
    "pk": 10,
    "fields": {
        "nama_produk": "Black.",
        "harga": 0.8103961673354714,
        "harga_diskon": 0.6495876376350462,
        "slug": "ability-listen",
        "deskripsi": "Someone ok society article animal. Hear drug meet heavy product trip top. Minute popular throughout animal place open.",
        "gambar": "event.js",
        "label": "BEST",
        "kategori": "S"
    }
},
{
    "model": "toko.produkitem",
    "pk": 11,
    "fields": {
        "nama_produk": "Again.",
        "harga": 0.6414005768710872,
        "harga_diskon": 0.5090081633145053,
        "slug": "wear-beat-final",
        "deskripsi": "High kitchen week next total lay. Forward evidence author bed identify specific.\nLot report religious concern. Military thing if word fast available game together.\nBillion economic must.",
        "gambar": "mouth.css",
        "label": "SALE",
        "kategori": "T"
    }
},
{
    "model": "toko.produkitem",
    "pk": 12,
    "fields": {
        "nama_produk": "Bank next.",
        "harga": 0.25064106345285064,
        "harga_diskon": 0.6028460593037301,
        "slug": "drug-government",
        "deskripsi": "Voice ever suffer drive only player opportunity. Sure forget later child know wrong environmental. Energy moment customer.\nLeg state difference their allow feeling.",
        "gambar": "him.avi",
        "label": "SALE",
        "kategori": "SW"
    }
},
{
    "model": "toko.produkitem",
    "pk": 13,
    "fields": {
        "nama_produk": "Low.",
        "harga": 0.50339518595014,
        "harga_diskon": 0.4053981455180462,
        "slug": "light-force-much",
        "deskripsi": "Central building leg same high those. Attack party air strategy.\nForeign laugh six machine nor. Detail identify school wrong. Direction administration worker see them house computer.",
        "gambar": "better.csv",
        "label": "NEW",
        "kategori": "P"
    }
},
{
    "model": "toko.produkitem",
    "pk": 14,
    "fields": {
        "nama_produk": "Return.",
        "harga": 0.3845704379030692,
        "harga_diskon": 0.18714248587606508,
        "slug": "mean-visit",
        "deskripsi": "Able adult still up world main wear.\nThree wife prevent husband describe class want. Left behavior science speech decision situation.",
        "gambar": "probably.json",
        "label": "SALE",
        "kategori": "S"
    }
},
{
    "model": "toko.produkitem",
    "pk": 15,
    "fields": {
        "nama_produk": "Easy move.",
        "harga": 0.7652580651373051,
        "harga_diskon": 0.9141837024902125,
        "slug": "require-institution",
        "deskripsi": "Imagine compare once art cell. My administration month early party protect. Development age character focus prove.\nDog key audience collection yet high. Because hair early herself beyond sort those.",
        "gambar": "we.mov",
        "label": "SALE",
        "kategori": "P"
    }
},
{
    "model": "toko.produkitem",
    "pk": 16,
    "fields": {
        "nama_produk": "Blood.",
        "harga": 0.7897216661336486,
        "harga_diskon": 0.5329069816226898,
        "slug": "seem-future-be",
        "deskripsi": "Crime right success tax drop something every. Field probably forward take himself here body room. Two discussion brother walk.\nHow million your. Run total high care allow situation.",
        "gambar": "just.html",
        "label": "SALE",
        "kategori": "T"
    }
},
{
    "model": "toko.produkitem",
    "pk": 17,
    "fields": {
        "nama_produk": "Reality.",
        "harga": 0.995885730130118,
        "harga_diskon": 0.38575307257444735,
        "slug": "at-player-speech",
        "deskripsi": "Almost eye market management rise line. General number we learn great sound sign.",
        "gambar": "finally.css",
        "label": "SALE",
        "kategori": "T"
    }
},
{
    "model": "toko.produkitem",
    "pk": 18,
    "fields": {
        "nama_produk": "Wrong.",
        "harga": 0.12357689147321271,
        "harga_diskon": 0.05144882968330866,
        "slug": "child-star-camera",
        "deskripsi": "Discover how buy.\nEffect move learn. Become whatever difficult theory Democrat alone build. Manager also morning sister employee under carry.",
        "gambar": "ready.webm",
        "label": "SALE",
        "kategori": "OW"
    }
},
{
    "model": "toko.produkitem",
    "pk": 19,
    "fields": {
        "nama_produk": "Without.",
        "harga": 0.664545145974149,
        "harga_diskon": 0.9956342885091756,
        "slug": "treatment-arm-real",
        "deskripsi": "Field debate past statement claim. Pm training beautiful responsibility go political. Method fine someone vote some nature.\nOver page either deep look charge event. Hard daughter science.",
        "gambar": "item.mov",
        "label": "SALE",
        "kategori": "P"
    }
},
{
    "model": "toko.produkitem",
    "pk": 20,
    "fields": {
        "nama_produk": "Find.",
        "harga": 0.2980632774453651,
        "harga_diskon": 0.2542066914980482,
        "slug": "director-production",
        "deskripsi": "Box minute message system truth. Health measure everybody involve ok federal may. Executive clear after charge allow group.\nBig tonight such new.",
        "gambar": "likely.wav",
        "label": "SALE",
        "kategori": "S"
    }
},
{
    "model": "toko.produkitem",
    "pk": 21,
    "fields": {
        "nama_produk": "Meeting.",
        "harga": 0.2530513124848057,
        "harga_diskon": 0.4295208317298602,
        "slug": "hand-likely-light",
        "deskripsi": "Take leave pull admit.\nUntil road real. Light I skin Republican become test.",
        "gambar": "campaign.jpg",
        "label": "NEW",
        "kategori": "OW"
    }
},
{
    "model": "toko.produkitem",
    "pk": 22,
    "fields": {
        "nama_produk": "Summer.",
        "harga": 0.5110119550557349,
        "harga_diskon": 0.541460460198184,
        "slug": "wide-region-take",
        "deskripsi": "Trouble cover arrive Republican single other. Glass some system follow.\nCall might head fine. Thing style matter with clear break. Positive she school have sound provide.",
        "gambar": "sign.jpg",
        "label": "BEST",
        "kategori": "P"
    }
},
{
    "model": "toko.produkitem",
    "pk": 23,
    "fields": {
        "nama_produk": "Church.",
        "harga": 0.6399014804288553,
        "harga_diskon": 0.4274295370203681,
        "slug": "sense-whatever-drop",
        "deskripsi": "Well together house road make participant other mouth. Than election stuff third life.\nFoot war argue because marriage per. He full learn it student develop.",
        "gambar": "person.webm",
        "label": "SALE",
        "kategori": "P"
    }
},
{
    "model": "toko.produkitem",
    "pk": 24,
    "fields": {
        "nama_produk": "Wind.",
        "harga": 0.608572862463911,
        "harga_diskon": 0.19748119423055344,
        "slug": "case-strategy-whole",
        "deskripsi": "Quite win second every first score. Company situation billion manager people. Whether most despite anything report act system. Talk generation ground such build.",
        "gambar": "think.wav",
        "label": "SALE",
        "kategori": "OW"
    }
},
{
    "model": "toko.produkitem",
    "pk": 25,
    "fields": {
        "nama_produk": "Describe.",
        "harga": 0.7097147231881492,
        "harga_diskon": 0.21602887635389034,
        "slug": "if-wrong-inside-air",
        "deskripsi": "Language now class. Current study exist way opportunity difference. Several activity smile speech information glass.",
        "gambar": "ask.flac",
        "label": "SALE",
        "kategori": "SC"
    }
},
{
    "model": "toko.produkitem",
    "pk": 26,
    "fields": {
        "nama_produk": "Majority.",
        "harga": 0.8232197662621824,
        "harga_diskon": 0.2899594183142715,
        "slug": "science-single",
        "deskripsi": "Cover art anyone run able feel tough. Many total authority successful approach middle others. Send maybe together while institution grow season.",
        "gambar": "fight.png",
        "label": "SALE",
        "kategori": "P"
    }
},
{
    "model": "toko.produkitem",
    "pk": 27,
    "fields": {
        "nama_produk": "Bring.",
        "harga": 0.6897251859667587,
        "harga_diskon": 0.39845495740021886,
        "slug": "him-support-explain",
        "deskripsi": "Itself agree sister stuff.\nAlmost be sport. Rate have teacher rich deep adult. Mother building peace history may central drop Republican. Meeting public gas tend cup month.",
        "gambar": "hear.gif",
        "label": "SALE",
        "kategori": "SC"
    }
},
{
    "model": "toko.produkitem",
    "pk": 28,
    "fields": {
        "nama_produk": "President.",
        "harga": 0.14741117455447328,
        "harga_diskon": 0.3618866474529675,
        "slug": "while-law-low-top",
        "deskripsi": "Window magazine early film capital of. Front important sport candidate financial care save. Paper thousand measure value likely cost.",
        "gambar": "protect.flac",
        "label": "BEST",
        "kategori": "SC"
    }
},
{
    "model": "toko.produkitem",
    "pk": 29,
    "fields": {
        "nama_produk": "Center.",
        "harga": 0.6112063950343052,
        "harga_diskon": 0.3661529037997747,
        "slug": "say-leader-stuff",
        "deskripsi": "Capital school economic no month impact send. Money need prevent girl cultural most represent.\nMiddle doctor quickly second. Message sea hit. Truth might glass crime federal less different.",
        "gambar": "officer.tiff",
        "label": "BEST",
        "kategori": "SC"
    }
},
{
    "model": "toko.produkitem",
    "pk": 30,
    "fields": {
        "nama_produk": "Eye and.",
        "harga": 0.6059100816926164,
        "harga_diskon": 0.13134079774057994,
        "slug": "term-rock-move",
        "deskripsi": "Suffer us girl also. Move eight agent two increase soldier agree chair.\nReceive account social maintain science anything edge person. Ask feeling popular keep last.",
        "gambar": "road.gif",
        "label": "BEST",
        "kategori": "T"
    }
},
{
    "model": "toko.produkitem",
    "pk": 31,
    "fields": {
        "nama_produk": "Evidence.",
        "harga": 0.9112746619805496,
        "harga_diskon": 0.3237995811302842,
        "slug": "yourself-whatever",
        "deskripsi": "Mouth explain floor agree executive road list. Fire generation consumer receive.\nOfficer join include eight voice away painting. Mean exactly explain act past decade. Me ground music thank street.",
        "gambar": "people.jpg",
        "label": "SALE",
        "kategori": "SW"
    }
},
{
    "model": "toko.produkitem",
    "pk": 32,
    "fields": {
        "nama_produk": "Analysis.",
        "harga": 0.08380508966153366,
        "harga_diskon": 0.19370569179000174,
        "slug": "company-career-long",
        "deskripsi": "Off especially manage Mr. Center accept happy production bank sing actually. Heart sign training PM nature.",
        "gambar": "fact.tiff",
        "label": "NEW",
        "kategori": "OW"
    }
},
{
    "model": "toko.produkitem",
    "pk": 33,
    "fields": {
        "nama_produk": "Remember.",
        "harga": 0.14970878912538998,
        "harga_diskon": 0.8842976195848198,
        "slug": "time-fall-arrive",
        "deskripsi": "Much other human agreement. Natural western new. Send discuss law and.\nSon market sit wife rate when anything. Total great newspaper unit citizen. Everything crime whole what.",
        "gambar": "instead.bmp",
        "label": "SALE",
        "kategori": "SW"
    }
},
{
    "model": "toko.produkitem",
    "pk": 34,
    "fields": {
        "nama_produk": "Why.",
        "harga": 0.4528871571007398,
        "harga_diskon": 0.6825924579110002,
        "slug": "deal-management",
        "deskripsi": "Contain simply step child throw Congress. Before allow again. There group gas remain.",
        "gambar": "system.json",
        "label": "NEW",
        "kategori": "SW"
    }
},
{
    "model": "toko.produkitem",
    "pk": 35,
    "fields": {
        "nama_produk": "Reveal.",
        "harga": 0.35735424932487625,
        "harga_diskon": 0.13974601926489838,
        "slug": "whether-tough-food",
        "deskripsi": "Live there current trial walk.\nLittle again yard dinner every. Arrive short oil me hospital coach everyone. Look out health likely.",
        "gambar": "item.bmp",
        "label": "NEW",
        "kategori": "S"
    }
},
{
    "model": "toko.produkitem",
    "pk": 36,
    "fields": {
        "nama_produk": "Raise.",
        "harga": 0.3164848344631416,
        "harga_diskon": 0.23288885560410633,
        "slug": "film-against",
        "deskripsi": "Forget draw south eye court. Democratic sometimes nation. At design score watch must have can.\nCapital always student expert. Both hotel admit beat traditional sound answer.",
        "gambar": "range.jpg",
        "label": "SALE",
        "kategori": "SW"
    }
},
{
    "model": "toko.produkitem",
    "pk": 37,
    "fields": {
        "nama_produk": "Road.",
        "harga": 0.22192495261331868,
        "harga_diskon": 0.11940092832244364,
        "slug": "responsibility-guy",
        "deskripsi": "President push big along speak off. Face pass example Congress huge field. Team employee art from imagine reflect.",
        "gambar": "skin.json",
        "label": "NEW",
        "kategori": "SW"
    }
},
{
    "model": "toko.produkitem",
    "pk": 38,
    "fields": {
        "nama_produk": "From.",
        "harga": 0.7104113196645653,
        "harga_diskon": 0.9293684555248866,
        "slug": "since-about-above",
        "deskripsi": "Plant business history professional seat front. Report budget hold suggest foreign.\nWhere various key wide agent culture. Road bag never fall turn.",
        "gambar": "vote.css",
        "label": "NEW",
        "kategori": "SW"
    }
},
{
    "model": "toko.produkitem",
    "pk": 39,
    "fields": {
        "nama_produk": "Idea.",
        "harga": 0.533093541121303,
        "harga_diskon": 0.4326655110574299,
        "slug": "sport-attorney",
        "deskripsi": "Through agreement these admit. Tough service great. For game challenge. President audience material heart dream growth.\nGroup several here hold early close head sing. Environment some law morning.",
        "gambar": "bit.jpg",
        "label": "NEW",
        "kategori": "T"
    }
},
{
    "model": "toko.produkitem",
    "pk": 40,
    "fields": {
        "nama_produk": "Fish.",
        "harga": 0.9753039644935426,
        "harga_diskon": 0.44096902728543497,
        "slug": "mention-back-skin",
        "deskripsi": "Article manage million administration. Phone nature technology thank.",
        "gambar": "three.jpg",
        "label": "SALE",
        "kategori": "SW"
    }
},
{
    "model": "toko.produkitem",
    "pk": 41,
    "fields": {
        "nama_produk": "Suffer.",
        "harga": 0.3683034619200516,
        "harga_diskon": 0.6053884097825558,
        "slug": "by-system-appear",
        "deskripsi": "Forget already body room between final. Marriage month deal talk visit. Article commercial throughout fear.",
        "gambar": "stuff.jpeg",
        "label": "SALE",
        "kategori": "P"
    }
},
{
    "model": "toko.produkitem",
    "pk": 42,
    "fields": {
        "nama_produk": "Dog key.",
        "harga": 0.2628490344155059,
        "harga_diskon": 0.5433184622988045,
        "slug": "church-threat-write",
        "deskripsi": "Right prepare record put prove thousand. Quickly attorney without.\nArea yet school finally. Team wish issue week her.\nCulture itself we look. People test idea Mr. Range hard at hope.",
        "gambar": "generation.html",
        "label": "NEW",
        "kategori": "P"
    }
},
{
    "model": "toko.produkitem",
    "pk": 43,
    "fields": {
        "nama_produk": "Financial.",
        "harga": 0.972647665267607,
        "harga_diskon": 0.9767116648942704,
        "slug": "type-among-worker",
        "deskripsi": "Right reduce safe great husband pick campaign. Realize certain teacher question. Performance concern man crime.\nSince upon raise describe. Suffer second meeting thing population customer know.",
        "gambar": "goal.tiff",
        "label": "BEST",
        "kategori": "T"
    }
},
{
    "model": "toko.produkitem",
    "pk": 44,
    "fields": {
        "nama_produk": "Loss boy.",
        "harga": 0.584452930556112,
        "harga_diskon": 0.8217160183593852,
        "slug": "pay-part-ready",
        "deskripsi": "Choose movement able factor put rise. Popular dream table senior board board.\nThough building after a last month laugh.",
        "gambar": "current.jpeg",
        "label": "BEST",
        "kategori": "S"
    }
},
{
    "model": "toko.produkitem",
    "pk": 45,
    "fields": {
        "nama_produk": "Movement.",
        "harga": 0.5094285580728732,
        "harga_diskon": 0.13500234419569934,
        "slug": "leader-three-low",
        "deskripsi": "Part later win she. Issue field he action leg.",
        "gambar": "rule.flac",
        "label": "SALE",
        "kategori": "T"
    }
},
{
    "model": "toko.produkitem",
    "pk": 46,
    "fields": {
        "nama_produk": "Really.",
        "harga": 0.5970076786566411,
        "harga_diskon": 0.8264624748334289,
        "slug": "million-performance",
        "deskripsi": "Generation dream behavior might simply reach. Perform down next wide system.\nRule color central perform great. Those some young specific drop goal management report. Activity security foreign line.",
        "gambar": "sea.jpg",
        "label": "NEW",
        "kategori": "OW"
    }
},
{
    "model": "toko.produkitem",
    "pk": 47,
    "fields": {
        "nama_produk": "Whole.",
        "harga": 0.8921433993475847,
        "harga_diskon": 0.6999601331990193,
        "slug": "player-candidate",
        "deskripsi": "Practice with something same worker people entire.\nPolice way where she evidence. Quickly smile suddenly them. Heavy who leader. Home well compare Republican organization music.",
        "gambar": "several.json",
        "label": "NEW",
        "kategori": "T"
    }
},
{
    "model": "toko.produkitem",
    "pk": 48,
    "fields": {
        "nama_produk": "Through.",
        "harga": 0.3470339575690088,
        "harga_diskon": 0.9437368575896637,
        "slug": "pretty-standard",
        "deskripsi": "Particularly south who wait night dog.\nMind development as American city more huge. Especially daughter agency yeah history foot there future.",
        "gambar": "pretty.wav",
        "label": "NEW",
        "kategori": "S"
    }
},
{
    "model": "toko.produkitem",
    "pk": 49,
    "fields": {
        "nama_produk": "Writer.",
        "harga": 0.46702026772939464,
        "harga_diskon": 0.21792603133006716,
        "slug": "maintain-write",
        "deskripsi": "Attack school understand senior become. Boy structure wind approach often prevent. Trade decide south sort care cover role.",
        "gambar": "tend.mp3",
        "label": "BEST",
        "kategori": "P"
    }
},
{
    "model": "toko.produkitem",
    "pk": 50,
    "fields": {
        "nama_produk": "Ability.",
        "harga": 0.667763794615833,
        "harga_diskon": 0.7227897752162619,
        "slug": "my-evening",
        "deskripsi": "Whatever food nor have.\nOwner century service apply. Land raise note heavy. Would collection some prepare education learn.",
        "gambar": "guess.mp3",
        "label": "BEST",
        "kategori": "SC"
    }
},
{
    "model": "toko.orderprodukitem",
    "pk": 1,
    "fields": {
        "user": 28,
        "ordered": false,
        "produk_item": 3,
        "quantity": 1
    }
},
{
    "model": "toko.orderprodukitem",
    "pk": 2,
    "fields": {
        "user": 26,
        "ordered": true,
        "produk_item": 20,
        "quantity": 1
    }
},
{
    "model": "toko.orderprodukitem",
    "pk": 3,
    "fields": {
        "user": 47,
        "ordered": true,
        "produk_item": 44,
        "quantity": 1
    }
},
{
    "model": "toko.orderprodukitem",
    "pk": 4,
    "fields": {
        "user": 48,
        "ordered": false,
        "produk_item": 20,
        "quantity": 1
    }
},
{
    "model": "toko.orderprodukitem",
    "pk": 5,
    "fields": {
        "user": 8,
        "ordered": true,
        "produk_item": 14,
        "quantity": 1
    }
},
{
    "model": "toko.orderprodukitem",
    "pk": 6,
    "fields": {
        "user": 30,
        "ordered": false,
        "produk_item": 19,
        "quantity": 1
    }
},
{
    "model": "toko.orderprodukitem",
    "pk": 7,
    "fields": {
        "user": 47,
        "ordered": false,
        "produk_item": 24,
        "quantity": 1
    }
},
{
    "model": "toko.orderprodukitem",
    "pk": 8,
    "fields": {
        "user": 31,
        "ordered": false,
        "produk_item": 30,
        "quantity": 1
    }
},
{
    "model": "toko.orderprodukitem",
    "pk": 9,
    "fields": {
        "user": 50,
        "ordered": false,
        "produk_item": 24,
        "quantity": 1
    }
},
{
    "model": "toko.orderprodukitem",
    "pk": 10,
    "fields": {
        "user": 13,
        "ordered": true,
        "produk_item": 18,
        "quantity": 1
    }
},
{
    "model": "toko.orderprodukitem",
    "pk": 11,
    "fields": {
        "user": 2,
        "ordered": true,
        "produk_item": 39,
        "quantity": 1
    }
},
{
    "model": "toko.orderprodukitem",
    "pk": 12,
    "fields": {
        "user": 49,
        "ordered": false,
        "produk_item": 30,
        "quantity": 1
    }
},
{
    "model": "toko.orderprodukitem",
    "pk": 13,
    "fields": {
        "user": 13,
        "ordered": true,
        "produk_item": 21,
        "quantity": 1
    }
},
{
    "model": "toko.orderprodukitem",
    "pk": 14,
    "fields": {
        "user": 2,
        "ordered": true,
        "produk_item": 24,
        "quantity": 1
    }
},
{
    "model": "toko.orderprodukitem",
    "pk": 15,
    "fields": {
        "user": 27,
        "ordered": false,
        "produk_item": 3,
        "quantity": 1
    }
},
{
    "model": "toko.orderprodukitem",
    "pk": 16,
    "fields": {
        "user": 16,
        "ordered": true,
        "produk_item": 33,
        "quantity": 1
    }
},
{
    "model": "toko.orderprodukitem",
    "pk": 17,
    "fields": {
        "user": 26,
        "ordered": true,
        "produk_item": 37,
        "quantity": 1
    }
},
{
    "model": "toko.orderprodukitem",
    "pk": 18,
    "fields": {
        "user": 48,
        "ordered": true,
        "produk_item": 4,
        "quantity": 1
    }
},
{
    "model": "toko.orderprodukitem",
    "pk": 19,
    "fields": {
        "user": 41,
        "ordered": true,
        "produk_item": 15,
        "quantity": 1
    }
},
{
    "model": "toko.orderprodukitem",
    "pk": 20,
    "fields": {
        "user": 32,
        "ordered": true,
        "produk_item": 29,
        "quantity": 1
    }
},
{
    "model": "toko.orderprodukitem",
    "pk": 21,
    "fields": {
        "user": 22,
        "ordered": true,
        "produk_item": 20,
        "quantity": 1
    }
},
{
    "model": "toko.orderprodukitem",
    "pk": 22,
    "fields": {
        "user": 12,
        "ordered": false,
        "produk_item": 14,
        "quantity": 1
    }
},
{
    "model": "toko.orderprodukitem",
    "pk": 23,
    "fields": {
        "user": 43,
        "ordered": true,
        "produk_item": 6,
        "quantity": 1
    }
},
{
    "model": "toko.orderprodukitem",
    "pk": 24,
    "fields": {
        "user": 31,
        "ordered": false,
        "produk_item": 8,
        "quantity": 1
    }
},
{
    "model": "toko.orderprodukitem",
    "pk": 25,
    "fields": {
        "user": 31,
        "ordered": false,
        "produk_item": 15,
        "quantity": 1
    }
},
{
    "model": "toko.orderprodukitem",
    "pk": 26,
    "fields": {
        "user": 30,
        "ordered": false,
        "produk_item": 33,
        "quantity": 1
    }
},
{
    "model": "toko.orderprodukitem",
    "pk": 27,
    "fields": {
        "user": 49,
        "ordered": false,
        "produk_item": 41,
        "quantity": 1
    }
},
{
    "model": "toko.orderprodukitem",
    "pk": 28,
    "fields": {
        "user": 14,
        "ordered": false,
        "produk_item": 46,
        "quantity": 1
    }
},
{
    "model": "toko.orderprodukitem",
    "pk": 29,
    "fields": {
        "user": 9,
        "ordered": false,
        "produk_item": 29,
        "quantity": 1
    }
},
{
    "model": "toko.orderprodukitem",
    "pk": 30,
    "fields": {
        "user": 8,
        "ordered": true,
        "produk_item": 19,
        "quantity": 1
    }
},
{
    "model": "toko.orderprodukitem",
    "pk": 31,
    "fields": {
        "user": 50,
        "ordered": true,
        "produk_item": 6,
        "quantity": 1
    }
},
{
    "model": "toko.orderprodukitem",
    "pk": 32,
    "fields": {
        "user": 40,
        "ordered": false,
        "produk_item": 42,
        "quantity": 1
    }
},
{
    "model": "toko.orderprodukitem",
    "pk": 33,
    "fields": {
        "user": 30,
        "ordered": false,
        "produk_item": 46,
        "quantity": 1
    }
},
{
    "model": "toko.orderprodukitem",
    "pk": 34,
    "fields": {
        "user": 39,
        "ordered": false,
        "produk_item": 20,
        "quantity": 1
    }
},
{
    "model": "toko.orderprodukitem",
    "pk": 35,
    "fields": {
        "user": 37,
        "ordered": true,
        "produk_item": 23,
        "quantity": 1
    }
},
{
    "model": "toko.orderprodukitem",
    "pk": 36,
    "fields": {
        "user": 29,
        "ordered": false,
        "produk_item": 42,
        "quantity": 1
    }
},
{
    "model": "toko.orderprodukitem",
    "pk": 37,
    "fields": {
        "user": 32,
        "ordered": false,
        "produk_item": 35,
        "quantity": 1
    }
},
{
    "model": "toko.orderprodukitem",
    "pk": 38,
    "fields": {
        "user": 39,
        "ordered": false,
        "produk_item": 33,
        "quantity": 1
    }
},
{
    "model": "toko.orderprodukitem",
    "pk": 39,
    "fields": {
        "user": 40,
        "ordered": true,
        "produk_item": 27,
        "quantity": 1
    }
},
{
    "model": "toko.orderprodukitem",
    "pk": 40,
    "fields": {
        "user": 13,
        "ordered": false,
        "produk_item": 17,
        "quantity": 1
    }
},
{
    "model": "toko.orderprodukitem",
    "pk": 41,
    "fields": {
        "user": 28,
        "ordered": true,
        "produk_item": 46,
        "quantity": 1
    }
},
{
    "model": "toko.orderprodukitem",
    "pk": 42,
    "fields": {
        "user": 30,
        "ordered": true,
        "produk_item": 9,
        "quantity": 1
    }
},
{
    "model": "toko.orderprodukitem",
    "pk": 43,
    "fields": {
        "user": 19,
        "ordered": false,
        "produk_item": 37,
        "quantity": 1
    }
},
{
    "model": "toko.orderprodukitem",
    "pk": 44,
    "fields": {
        "user": 4,
        "ordered": false,
        "produk_item": 22,
        "quantity": 1
    }
},
{
    "model": "toko.orderprodukitem",
    "pk": 45,
    "fields": {
        "user": 31,
        "ordered": true,
        "produk_item": 22,
        "quantity": 1
    }
},
{
    "model": "toko.orderprodukitem",
    "pk": 46,
    "fields": {
        "user": 13,
        "ordered": true,
        "produk_item": 4,
        "quantity": 1
    }
},
{
    "model": "toko.orderprodukitem",
    "pk": 47,
    "fields": {
        "user": 5,
        "ordered": true,
        "produk_item": 50,
        "quantity": 1
    }
},
{
    "model": "toko.orderprodukitem",
    "pk": 48,
    "fields": {
        "user": 42,
        "ordered": true,
        "produk_item": 12,
        "quantity": 1
    }
},
{
    "model": "toko.orderprodukitem",
    "pk": 49,
    "fields": {
        "user": 23,
        "ordered": true,
        "produk_item": 17,
        "quantity": 1
    }
},
{
    "model": "toko.orderprodukitem",
    "pk": 50,
    "fields": {
        "user": 14,
        "ordered": false,
        "produk_item": 29,
        "quantity": 1
    }
},
{
    "model": "toko.order",
    "pk": 1,
    "fields": {
        "user": 38,
        "tanggal_mulai": "1975-05-04T07:29:47Z",
        "tanggal_order": "1980-06-11T09:39:23Z",
        "ordered": true,
        "alamat_pengiriman": 1,
        "payment": 14,
        "produk_items": [
            19,
            49,
            8,
            13,
            21,
            42
        ]
    }
},
{
    "model": "toko.order",
    "pk": 2,
    "fields": {
        "user": 14,
        "tanggal_mulai": "2002-11-04T16:53:10Z",
        "tanggal_order": "2010-10-11T12:16:59Z",
        "ordered": true,
        "alamat_pengiriman": 20,
        "payment": 2,
        "produk_items": [
            12
        ]
    }
},
{
    "model": "toko.order",
    "pk": 3,
    "fields": {
        "user": 40,
        "tanggal_mulai": "1988-02-10T18:35:36Z",
        "tanggal_order": "1982-03-16T06:38:19Z",
        "ordered": false,
        "alamat_pengiriman": 12,
        "payment": 34,
        "produk_items": [
            15,
            49,
            45
        ]
    }
},
{
    "model": "toko.order",
    "pk": 4,
    "fields": {
        "user": 15,
        "tanggal_mulai": "2005-05-19T16:13:48Z",
        "tanggal_order": "2011-04-28T16:00:26Z",
        "ordered": false,
        "alamat_pengiriman": 25,
        "payment": 35,
        "produk_items": [
            32,
            42
        ]
    }
},
{
    "model": "toko.order",
    "pk": 5,
    "fields": {
        "user": 45,
        "tanggal_mulai": "1976-10-19T16:32:39Z",
        "tanggal_order": "2015-01-09T23:27:38Z",
        "ordered": false,
        "alamat_pengiriman": 32,
        "payment": 40,
        "produk_items": [
            19,
            40,
            50
        ]
    }
},
{
    "model": "toko.order",
    "pk": 6,
    "fields": {
        "user": 37,
        "tanggal_mulai": "2008-06-29T10:29:37Z",
        "tanggal_order": "1971-08-07T02:42:57Z",
        "ordered": true,
        "alamat_pengiriman": 24,
        "payment": 12,
        "produk_items": [
            17,
            44,
            20,
            6,
            8,
            27,
            31,
            48
        ]
    }
},
{
    "model": "toko.order",
    "pk": 7,
    "fields": {
        "user": 33,
        "tanggal_mulai": "2019-09-06T10:25:07Z",
        "tanggal_order": "2011-06-27T05:23:38Z",
        "ordered": true,
        "alamat_pengiriman": 10,
        "payment": 37,
        "produk_items": [
            45,
            47,
            8,
            20
        ]
    }
},
{
    "model": "toko.order",
    "pk": 8,
    "fields": {
        "user": 41,
        "tanggal_mulai": "2010-08-14T02:46:36Z",
        "tanggal_order": "2000-04-20T19:04:16Z",
        "ordered": true,
        "alamat_pengiriman": 19,
        "payment": 6,
        "produk_items": [
            15,
            44,
            30,
            49,
            3,
            23,
            14,
            28,
            16
        ]
    }
},
{
    "model": "toko.order",
    "pk": 9,
    "fields": {
        "user": 35,
        "tanggal_mulai": "2008-04-03T21:42:32Z",
        "tanggal_order": "1982-11-02T11:46:02Z",
        "ordered": true,
        "alamat_pengiriman": 13,
        "payment": 32,
        "produk_items": [
            31,
            29
        ]
    }
},
{
    "model": "toko.order",
    "pk": 10,
    "fields": {
        "user": 34,
        "tanggal_mulai": "2002-08-03T04:41:00Z",
        "tanggal_order": "2001-05-28T10:00:54Z",
        "ordered": true,
        "alamat_pengiriman": 16,
        "payment": 19,
        "produk_items": [
            33
        ]
    }
},
{
    "model": "toko.order",
    "pk": 11,
    "fields": {
        "user": 27,
        "tanggal_mulai": "2007-05-28T05:32:04Z",
        "tanggal_order": "2014-10-06T01:52:17Z",
        "ordered": true,
        "alamat_pengiriman": 40,
        "payment": 46,
        "produk_items": [
            50
        ]
    }
},
{
    "model": "toko.order",
    "pk": 12,
    "fields": {
        "user": 29,
        "tanggal_mulai": "2020-03-26T07:44:14Z",
        "tanggal_order": "1983-05-21T20:16:30Z",
        "ordered": true,
        "alamat_pengiriman": 32,
        "payment": 45,
        "produk_items": [
            39,
            20,
            3,
            41,
            13,
            30,
            32,
            36,
            37
        ]
    }
},
{
    "model": "toko.order",
    "pk": 13,
    "fields": {
        "user": 23,
        "tanggal_mulai": "1976-09-07T22:12:51Z",
        "tanggal_order": "2012-04-29T17:49:41Z",
        "ordered": true,
        "alamat_pengiriman": 44,
        "payment": 47,
        "produk_items": [
            28,
            41,
            2,
            34,
            27,
            32
        ]
    }
},
{
    "model": "toko.order",
    "pk": 14,
    "fields": {
        "user": 43,
        "tanggal_mulai": "1984-03-26T21:38:35Z",
        "tanggal_order": "2021-06-06T17:21:12Z",
        "ordered": false,
        "alamat_pengiriman": 27,
        "payment": 45,
        "produk_items": [
            5,
            33,
            18,
            13,
            29
        ]
    }
},
{
    "model": "toko.order",
    "pk": 15,
    "fields": {
        "user": 42,
        "tanggal_mulai": "1999-10-03T02:01:19Z",
        "tanggal_order": "1980-04-24T17:45:23Z",
        "ordered": false,
        "alamat_pengiriman": 45,
        "payment": 36,
        "produk_items": [
            4,
            19,
            50,
            25,
            47,
            38,
            2
        ]
    }
},
{
    "model": "toko.order",
    "pk": 16,
    "fields": {
        "user": 50,
        "tanggal_mulai": "1983-09-11T16:21:48Z",
        "tanggal_order": "1981-02-10T00:49:42Z",
        "ordered": true,
        "alamat_pengiriman": 12,
        "payment": 34,
        "produk_items": [
            6
        ]
    }
},
{
    "model": "toko.order",
    "pk": 17,
    "fields": {
        "user": 26,
        "tanggal_mulai": "1977-07-03T15:04:44Z",
        "tanggal_order": "1975-11-28T19:57:44Z",
        "ordered": false,
        "alamat_pengiriman": 34,
        "payment": 25,
        "produk_items": [
            32,
            28,
            31,
            39
        ]
    }
},
{
    "model": "toko.order",
    "pk": 18,
    "fields": {
        "user": 22,
        "tanggal_mulai": "1984-02-07T09:01:41Z",
        "tanggal_order": "1983-01-08T01:58:45Z",
        "ordered": true,
        "alamat_pengiriman": 26,
        "payment": 46,
        "produk_items": [
            15,
            12,
            41,
            13,
            28,
            26,
            20,
            33
        ]
    }
},
{
    "model": "toko.order",
    "pk": 19,
    "fields": {
        "user": 29,
        "tanggal_mulai": "1972-05-01T20:49:06Z",
        "tanggal_order": "2023-02-23T11:36:57Z",
        "ordered": true,
        "alamat_pengiriman": 38,
        "payment": 44,
        "produk_items": [
            50,
            41,
            49,
            2,
            13,
            22,
            16,
            32
        ]
    }
},
{
    "model": "toko.order",
    "pk": 20,
    "fields": {
        "user": 17,
        "tanggal_mulai": "2006-02-13T08:26:57Z",
        "tanggal_order": "2018-10-26T19:28:07Z",
        "ordered": true,
        "alamat_pengiriman": 31,
        "payment": 28,
        "produk_items": [
            3,
            45,
            23,
            30,
            25,
            13
        ]
    }
},
{
    "model": "toko.order",
    "pk": 21,
    "fields": {
        "user": 42,
        "tanggal_mulai": "2022-06-20T08:09:43Z",
        "tanggal_order": "1994-07-14T10:51:40Z",
        "ordered": true,
        "alamat_pengiriman": 21,
        "payment": 47,
        "produk_items": [
            29,
            15,
            27
        ]
    }
},
{
    "model": "toko.order",
    "pk": 22,
    "fields": {
        "user": 32,
        "tanggal_mulai": "2007-05-17T14:36:34Z",
        "tanggal_order": "1980-12-31T17:57:02Z",
        "ordered": true,
        "alamat_pengiriman": 18,
        "payment": 17,
        "produk_items": [
            6,
            43,
            31,
            35
        ]
    }
},
{
    "model": "toko.order",
    "pk": 23,
    "fields": {
        "user": 23,
        "tanggal_mulai": "1977-11-21T22:47:11Z",
        "tanggal_order": "2017-07-06T02:00:55Z",
        "ordered": false,
        "alamat_pengiriman": 21,
        "payment": 37,
        "produk_items": [
            11,
            21,
            49,
            12
        ]
    }
},
{
    "model": "toko.order",
    "pk": 24,
    "fields": {
        "user": 3,
        "tanggal_mulai": "1982-04-22T18:49:04Z",
        "tanggal_order": "1984-01-29T11:25:33Z",
        "ordered": true,
        "alamat_pengiriman": 16,
        "payment": 46,
        "produk_items": [
            44,
            13
        ]
    }
},
{
    "model": "toko.order",
    "pk": 25,
    "fields": {
        "user": 44,
        "tanggal_mulai": "1975-06-15T10:23:36Z",
        "tanggal_order": "1988-02-13T13:47:49Z",
        "ordered": true,
        "alamat_pengiriman": 33,
        "payment": 44,
        "produk_items": [
            15,
            39,
            50
        ]
    }
},
{
    "model": "toko.order",
    "pk": 26,
    "fields": {
        "user": 49,
        "tanggal_mulai": "2021-11-29T09:44:58Z",
        "tanggal_order": "2020-10-27T06:04:32Z",
        "ordered": true,
        "alamat_pengiriman": 32,
        "payment": 4,
        "produk_items": [
            34,
            8,
            38
        ]
    }
},
{
    "model": "toko.order",
    "pk": 27,
    "fields": {
        "user": 25,
        "tanggal_mulai": "1992-11-06T14:44:21Z",
        "tanggal_order": "1992-07-17T03:10:26Z",
        "ordered": false,
        "alamat_pengiriman": 4,
        "payment": 21,
        "produk_items": [
            35,
            18,
            28,
            49,
            30
        ]
    }
},
{
    "model": "toko.order",
    "pk": 28,
    "fields": {
        "user": 27,
        "tanggal_mulai": "1994-07-03T05:48:40Z",
        "tanggal_order": "2000-01-12T23:22:37Z",
        "ordered": false,
        "alamat_pengiriman": 36,
        "payment": 14,
        "produk_items": [
            35,
            33,
            11,
            41,
            14,
            37,
            31,
            38
        ]
    }
},
{
    "model": "toko.order",
    "pk": 29,
    "fields": {
        "user": 23,
        "tanggal_mulai": "1995-02-15T10:30:03Z",
        "tanggal_order": "2010-03-19T11:26:26Z",
        "ordered": true,
        "alamat_pengiriman": 40,
        "payment": 11,
        "produk_items": [
            3,
            11,
            33,
            45,
            6,
            14
        ]
    }
},
{
    "model": "toko.order",
    "pk": 30,
    "fields": {
        "user": 39,
        "tanggal_mulai": "1979-11-16T08:52:43Z",
        "tanggal_order": "1993-09-29T02:15:38Z",
        "ordered": true,
        "alamat_pengiriman": 5,
        "payment": 33,
        "produk_items": [
            8
        ]
    }
},
{
    "model": "toko.order",
    "pk": 31,
    "fields": {
        "user": 49,
        "tanggal_mulai": "2004-02-21T13:19:03Z",
        "tanggal_order": "1997-11-16T14:01:58Z",
        "ordered": false,
        "alamat_pengiriman": 22,
        "payment": 40,
        "produk_items": [
            50,
            44,
            33,
            25,
            3,
            27
        ]
    }
},
{
    "model": "toko.order",
    "pk": 32,
    "fields": {
        "user": 45,
        "tanggal_mulai": "1988-04-16T01:30:38Z",
        "tanggal_order": "2004-08-31T01:24:31Z",
        "ordered": true,
        "alamat_pengiriman": 45,
        "payment": 6,
        "produk_items": [
            7,
            41,
            40,
            5
        ]
    }
},
{
    "model": "toko.order",
    "pk": 33,
    "fields": {
        "user": 47,
        "tanggal_mulai": "1991-10-17T12:46:46Z",
        "tanggal_order": "2008-03-22T01:36:10Z",
        "ordered": true,
        "alamat_pengiriman": 18,
        "payment": 42,
        "produk_items": [
            36,
            6,
            27,
            16,
            12
        ]
    }
},
{
    "model": "toko.order",
    "pk": 34,
    "fields": {
        "user": 13,
        "tanggal_mulai": "2014-10-02T12:29:11Z",
        "tanggal_order": "1988-07-15T09:32:09Z",
        "ordered": true,
        "alamat_pengiriman": 40,
        "payment": 28,
        "produk_items": [
            15,
            30,
            5,
            9,
            10,
            37,
            11
        ]
    }
},
{
    "model": "toko.order",
    "pk": 35,
    "fields": {
        "user": 5,
        "tanggal_mulai": "1984-06-01T06:56:28Z",
        "tanggal_order": "1993-02-17T11:52:44Z",
        "ordered": true,
        "alamat_pengiriman": 33,
        "payment": 6,
        "produk_items": [
            12,
            43,
            36,
            37,
            40,
            41,
            20,
            33,
            24,
            9
        ]
    }
},
{
    "model": "toko.order",
    "pk": 36,
    "fields": {
        "user": 33,
        "tanggal_mulai": "1988-03-09T16:31:38Z",
        "tanggal_order": "2022-12-20T01:31:33Z",
        "ordered": true,
        "alamat_pengiriman": 39,
        "payment": 3,
        "produk_items": [
            46,
            33,
            7
        ]
    }
},
{
    "model": "toko.order",
    "pk": 37,
    "fields": {
        "user": 8,
        "tanggal_mulai": "2013-07-17T22:20:07Z",
        "tanggal_order": "2015-10-12T21:43:25Z",
        "ordered": false,
        "alamat_pengiriman": 44,
        "payment": 5,
        "produk_items": [
            22,
            43
        ]
    }
},
{
    "model": "toko.order",
    "pk": 38,
    "fields": {
        "user": 13,
        "tanggal_mulai": "2021-05-11T16:10:59Z",
        "tanggal_order": "2017-05-27T01:49:37Z",
        "ordered": true,
        "alamat_pengiriman": 3,
        "payment": 24,
        "produk_items": [
            4,
            42,
            34
        ]
    }
},
{
    "model": "toko.order",
    "pk": 39,
    "fields": {
        "user": 5,
        "tanggal_mulai": "2021-05-24T04:09:52Z",
        "tanggal_order": "1994-12-23T11:57:28Z",
        "ordered": false,
        "alamat_pengiriman": 7,
        "payment": 10,
        "produk_items": [
            7,
            36,
            9,
            6
        ]
    }
},
{
    "model": "toko.order",
    "pk": 40,
    "fields": {
        "user": 48,
        "tanggal_mulai": "1973-07-04T06:41:23Z",
        "tanggal_order": "1978-07-25T13:21:24Z",
        "ordered": false,
        "alamat_pengiriman": 31,
        "payment": 46,
        "produk_items": [
            43
        ]
    }
},
{
    "model": "toko.order",
    "pk": 41,
    "fields": {
        "user": 30,
        "tanggal_mulai": "2022-03-28T12:02:25Z",
        "tanggal_order": "1974-06-19T23:57:01Z",
        "ordered": true,
        "alamat_pengiriman": 45,
        "payment": 48,
        "produk_items": [
            48,
            45,
            8,
            37,
            22,
            40
        ]
    }
},
{
    "model": "toko.order",
    "pk": 42,
    "fields": {
        "user": 5,
        "tanggal_mulai": "1975-06-21T15:37:28Z",
        "tanggal_order": "2001-11-29T00:18:32Z",
        "ordered": true,
        "alamat_pengiriman": 21,
        "payment": 24,
        "produk_items": [
            10,
            46,
            42,
            22,
            30,
            45,
            3,
            11
        ]
    }
},
{
    "model": "toko.order",
    "pk": 43,
    "fields": {
        "user": 35,
        "tanggal_mulai": "1992-11-05T15:08:29Z",
        "tanggal_order": "2010-03-17T19:22:27Z",
        "ordered": false,
        "alamat_pengiriman": 6,
        "payment": 6,
        "produk_items": [
            35,
            20,
            30
        ]
    }
},
{
    "model": "toko.order",
    "pk": 44,
    "fields": {
        "user": 21,
        "tanggal_mulai": "2005-11-08T03:16:34Z",
        "tanggal_order": "1989-05-15T21:43:00Z",
        "ordered": true,
        "alamat_pengiriman": 13,
        "payment": 37,
        "produk_items": [
            44,
            46
        ]
    }
},
{
    "model": "toko.order",
    "pk": 45,
    "fields": {
        "user": 5,
        "tanggal_mulai": "2001-02-17T11:50:40Z",
        "tanggal_order": "1999-03-06T12:12:53Z",
        "ordered": true,
        "alamat_pengiriman": 10,
        "payment": 4,
        "produk_items": [
            9,
            37
        ]
    }
},
{
    "model": "toko.order",
    "pk": 46,
    "fields": {
        "user": 20,
        "tanggal_mulai": "1979-05-31T23:09:16Z",
        "tanggal_order": "2004-01-21T12:38:26Z",
        "ordered": true,
        "alamat_pengiriman": 4,
        "payment": 18,
        "produk_items": [
            22,
            49,
            25
        ]
    }
},
{
    "model": "toko.order",
    "pk": 47,
    "fields": {
        "user": 42,
        "tanggal_mulai": "1999-11-28T20:32:03Z",
        "tanggal_order": "2012-07-11T13:15:44Z",
        "ordered": true,
        "alamat_pengiriman": 27,
        "payment": 38,
        "produk_items": [
            3,
            12,
            48,
            26,
            1,
            19,
            47,
            18,
            6
        ]
    }
},
{
    "model": "toko.order",
    "pk": 48,
    "fields": {
        "user": 36,
        "tanggal_mulai": "1995-09-19T20:44:57Z",
        "tanggal_order": "1999-01-21T20:18:43Z",
        "ordered": false,
        "alamat_pengiriman": 44,
        "payment": 16,
        "produk_items": [
            37,
            21,
            41,
            43,
            24,
            46,
            33,
            27,
            19
        ]
    }
},
{
    "model": "toko.order",
    "pk": 49,
    "fields": {
        "user": 44,
        "tanggal_mulai": "2022-11-26T08:43:17Z",
        "tanggal_order": "1986-09-17T10:03:28Z",
        "ordered": true,
        "alamat_pengiriman": 20,
        "payment": 25,
        "produk_items": [
            41,
            26,
            38,
            28,
            40
        ]
    }
},
{
    "model": "toko.order",
    "pk": 50,
    "fields": {
        "user": 13,
        "tanggal_mulai": "2013-08-01T18:49:29Z",
        "tanggal_order": "2017-09-27T04:28:37Z",
        "ordered": false,
        "alamat_pengiriman": 5,
        "payment": 34,
        "produk_items": [
            47,
            25,
            38,
            40,
            35,
            44,
            23,
            22,
            34,
            18
        ]
    }
},
{
    "model": "toko.alamatpengiriman",
    "pk": 1,
    "fields": {
        "user": 19,
        "alamat_1": "Down miss whole tax success.",
        "alamat_2": "East though impact buy happy traditional.",
        "negara": "Family report but.",
        "kode_pos": "Other win sign."
    }
},
{
    "model": "toko.alamatpengiriman",
    "pk": 2,
    "fields": {
        "user": 27,
        "alamat_1": "Debate quality drug street.",
        "alamat_2": "Thousand these program door go question.",
        "negara": "Happen no.",
        "kode_pos": "Believe write then."
    }
},
{
    "model": "toko.alamatpengiriman",
    "pk": 3,
    "fields": {
        "user": 38,
        "alamat_1": "Minute moment unit few hope product or.",
        "alamat_2": "Drive into serve thousand way thing.",
        "negara": "Generation capital.",
        "kode_pos": "Republican culture."
    }
},
{
    "model": "toko.alamatpengiriman",
    "pk": 4,
    "fields": {
        "user": 5,
        "alamat_1": "Theory that break.",
        "alamat_2": "They here his allow land.",
        "negara": "Project upon.",
        "kode_pos": "Whole force draw."
    }
},
{
    "model": "toko.alamatpengiriman",
    "pk": 5,
    "fields": {
        "user": 9,
        "alamat_1": "Rise right blue loss report fly.",
        "alamat_2": "Vote news medical. Yet throw want.",
        "negara": "Tell my bank nor.",
        "kode_pos": "Common teach look."
    }
},
{
    "model": "toko.alamatpengiriman",
    "pk": 6,
    "fields": {
        "user": 30,
        "alamat_1": "International just marriage start team.",
        "alamat_2": "Figure church expect work doctor point perform.",
        "negara": "Firm positive.",
        "kode_pos": "Population another."
    }
},
{
    "model": "toko.alamatpengiriman",
    "pk": 7,
    "fields": {
        "user": 2,
        "alamat_1": "Laugh history weight bill base lead.",
        "alamat_2": "Million still arm market group blue.",
        "negara": "Nor store travel.",
        "kode_pos": "Authority form."
    }
},
{
    "model": "toko.alamatpengiriman",
    "pk": 8,
    "fields": {
        "user": 34,
        "alamat_1": "Hotel deep season suddenly.",
        "alamat_2": "Say expect relationship before.",
        "negara": "Improve citizen.",
        "kode_pos": "Form first girl him."
    }
},
{
    "model": "toko.alamatpengiriman",
    "pk": 9,
    "fields": {
        "user": 19,
        "alamat_1": "Although mind morning suffer skill.",
        "alamat_2": "Alone quality young budget space.",
        "negara": "Able lawyer.",
        "kode_pos": "Throughout behavior."
    }
},
{
    "model": "toko.alamatpengiriman",
    "pk": 10,
    "fields": {
        "user": 38,
        "alamat_1": "Them image its.",
        "alamat_2": "Board training direction home gun.",
        "negara": "Hit affect exist.",
        "kode_pos": "Air will."
    }
},
{
    "model": "toko.alamatpengiriman",
    "pk": 11,
    "fields": {
        "user": 51,
        "alamat_1": "Box technology future ago.",
        "alamat_2": "Key whom hotel mother establish catch.",
        "negara": "Young all southern.",
        "kode_pos": "Into pattern home."
    }
},
{
    "model": "toko.alamatpengiriman",
    "pk": 12,
    "fields": {
        "user": 9,
        "alamat_1": "Democratic past add.",
        "alamat_2": "Onto so save night grow baby laugh special.",
        "negara": "Mouth why kid TV.",
        "kode_pos": "Write change level."
    }
},
{
    "model": "toko.alamatpengiriman",
    "pk": 13,
    "fields": {
        "user": 2,
        "alamat_1": "Forward someone level chair business seek.",
        "alamat_2": "Finish president hand sell group environmental.",
        "negara": "Way better rate.",
        "kode_pos": "Area test city."
    }
},
{
    "model": "toko.alamatpengiriman",
    "pk": 14,
    "fields": {
        "user": 47,
        "alamat_1": "Century I reason. Citizen pull wind.",
        "alamat_2": "Provide throughout actually.",
        "negara": "Thank hold cup.",
        "kode_pos": "Hope wonder forget."
    }
},
{
    "model": "toko.alamatpengiriman",
    "pk": 15,
    "fields": {
        "user": 37,
        "alamat_1": "Fish simple spend notice.",
        "alamat_2": "Look trial street range only hear need.",
        "negara": "Think actually my.",
        "kode_pos": "Beyond three."
    }
},
{
    "model": "toko.alamatpengiriman",
    "pk": 16,
    "fields": {
        "user": 18,
        "alamat_1": "Argue remember produce a market.",
        "alamat_2": "Deal charge reveal quickly support.",
        "negara": "Investment doctor.",
        "kode_pos": "Then cup tell."
    }
},
{
    "model": "toko.alamatpengiriman",
    "pk": 17,
    "fields": {
        "user": 5,
        "alamat_1": "Collection young of near hundred.",
        "alamat_2": "Against east create record economy close.",
        "negara": "Television add they.",
        "kode_pos": "Develop one defense."
    }
},
{
    "model": "toko.alamatpengiriman",
    "pk": 18,
    "fields": {
        "user": 39,
        "alamat_1": "Majority from fund teacher expect this far here.",
        "alamat_2": "Plan something avoid color serious the.",
        "negara": "Difficult great.",
        "kode_pos": "Per which age city."
    }
},
{
    "model": "toko.alamatpengiriman",
    "pk": 19,
    "fields": {
        "user": 20,
        "alamat_1": "Compare approach charge movement.",
        "alamat_2": "Just party serious.",
        "negara": "Perform card ready.",
        "kode_pos": "Popular fast smile."
    }
},
{
    "model": "toko.alamatpengiriman",
    "pk": 20,
    "fields": {
        "user": 5,
        "alamat_1": "Spend increase value them.",
        "alamat_2": "Service race animal sister.",
        "negara": "Foot financial may.",
        "kode_pos": "Form third range."
    }
},
{
    "model": "toko.alamatpengiriman",
    "pk": 21,
    "fields": {
        "user": 9,
        "alamat_1": "You model sort particular friend.",
        "alamat_2": "Process new star. Toward understand us while PM.",
        "negara": "Vote couple weight.",
        "kode_pos": "Hit everybody food."
    }
},
{
    "model": "toko.alamatpengiriman",
    "pk": 22,
    "fields": {
        "user": 45,
        "alamat_1": "Could defense red around. Garden many someone.",
        "alamat_2": "This son section take certain.",
        "negara": "Fire prepare occur.",
        "kode_pos": "Worry window allow."
    }
},
{
    "model": "toko.alamatpengiriman",
    "pk": 23,
    "fields": {
        "user": 31,
        "alamat_1": "Example spend away baby join.",
        "alamat_2": "Room less set family there drug.",
        "negara": "He word suddenly.",
        "kode_pos": "As street camera."
    }
},
{
    "model": "toko.alamatpengiriman",
    "pk": 24,
    "fields": {
        "user": 15,
        "alamat_1": "Two can street. Grow this reach.",
        "alamat_2": "Contain mean manage message window pull can.",
        "negara": "Single trial eye.",
        "kode_pos": "Suffer south dinner."
    }
},
{
    "model": "toko.alamatpengiriman",
    "pk": 25,
    "fields": {
        "user": 19,
        "alamat_1": "But should officer quality.",
        "alamat_2": "Drug key quality.",
        "negara": "Point message least.",
        "kode_pos": "Away site recent."
    }
},
{
    "model": "toko.alamatpengiriman",
    "pk": 26,
    "fields": {
        "user": 44,
        "alamat_1": "Likely partner thank company.",
        "alamat_2": "Woman part his people security.",
        "negara": "Majority huge learn.",
        "kode_pos": "Suffer be measure."
    }
},
{
    "model": "toko.alamatpengiriman",
    "pk": 27,
    "fields": {
        "user": 45,
        "alamat_1": "Morning you little by heavy team technology.",
        "alamat_2": "Lot serve popular recognize direction radio.",
        "negara": "List concern vote.",
        "kode_pos": "Glass meet remember."
    }
},
{
    "model": "toko.alamatpengiriman",
    "pk": 28,
    "fields": {
        "user": 24,
        "alamat_1": "Specific our cover yet structure remain.",
        "alamat_2": "Group well a camera represent.",
        "negara": "Main girl fight.",
        "kode_pos": "Herself standard."
    }
},
{
    "model": "toko.alamatpengiriman",
    "pk": 29,
    "fields": {
        "user": 13,
        "alamat_1": "Drop remain reduce cell medical official.",
        "alamat_2": "Issue system budget opportunity it wait girl bed.",
        "negara": "Almost small.",
        "kode_pos": "Military daughter."
    }
},
{
    "model": "toko.alamatpengiriman",
    "pk": 30,
    "fields": {
        "user": 29,
        "alamat_1": "Discover this site leg.",
        "alamat_2": "Most current item site rise.",
        "negara": "Early detail lead.",
        "kode_pos": "Push event only."
    }
},
{
    "model": "toko.alamatpengiriman",
    "pk": 31,
    "fields": {
        "user": 22,
        "alamat_1": "Much win stop. Analysis seven certain box.",
        "alamat_2": "Sound guess heart.",
        "negara": "Network into six.",
        "kode_pos": "Form though fill."
    }
},
{
    "model": "toko.alamatpengiriman",
    "pk": 32,
    "fields": {
        "user": 51,
        "alamat_1": "Share thought bill firm tonight pretty hard.",
        "alamat_2": "Market eight section shake reflect simple go.",
        "negara": "Inside example also.",
        "kode_pos": "Heart as nation."
    }
},
{
    "model": "toko.alamatpengiriman",
    "pk": 33,
    "fields": {
        "user": 19,
        "alamat_1": "Detail space not beyond admit significant.",
        "alamat_2": "Eat teach what specific of affect fund.",
        "negara": "Former wide always.",
        "kode_pos": "Plan among partner."
    }
},
{
    "model": "toko.alamatpengiriman",
    "pk": 34,
    "fields": {
        "user": 35,
        "alamat_1": "Stand voice everyone candidate.",
        "alamat_2": "Project Mr movement report late movement.",
        "negara": "Health born local.",
        "kode_pos": "End ever decide."
    }
},
{
    "model": "toko.alamatpengiriman",
    "pk": 35,
    "fields": {
        "user": 43,
        "alamat_1": "College north few parent.",
        "alamat_2": "They story common human alone traditional fine.",
        "negara": "Natural message.",
        "kode_pos": "Appear prevent."
    }
},
{
    "model": "toko.alamatpengiriman",
    "pk": 36,
    "fields": {
        "user": 51,
        "alamat_1": "Challenge spend teach him smile water point.",
        "alamat_2": "Move chance focus wall.",
        "negara": "Cause everything.",
        "kode_pos": "Morning."
    }
},
{
    "model": "toko.alamatpengiriman",
    "pk": 37,
    "fields": {
        "user": 40,
        "alamat_1": "Enter behavior money difference successful three.",
        "alamat_2": "Color effort debate after get realize.",
        "negara": "No painting sea.",
        "kode_pos": "Economic college."
    }
},
{
    "model": "toko.alamatpengiriman",
    "pk": 38,
    "fields": {
        "user": 46,
        "alamat_1": "Summer risk common.",
        "alamat_2": "Back help article good need.",
        "negara": "Democrat scene why.",
        "kode_pos": "Rest truth space."
    }
},
{
    "model": "toko.alamatpengiriman",
    "pk": 39,
    "fields": {
        "user": 13,
        "alamat_1": "Drop board see name ever sign project.",
        "alamat_2": "Parent card bed sure offer.",
        "negara": "Computer audience.",
        "kode_pos": "Who federal land."
    }
},
{
    "model": "toko.alamatpengiriman",
    "pk": 40,
    "fields": {
        "user": 39,
        "alamat_1": "Once follow point dog discuss glass.",
        "alamat_2": "Lose stay compare may authority or yourself.",
        "negara": "Evidence ready.",
        "kode_pos": "North listen item."
    }
},
{
    "model": "toko.alamatpengiriman",
    "pk": 41,
    "fields": {
        "user": 47,
        "alamat_1": "Travel race five future.",
        "alamat_2": "Suddenly control yes late there hear ok.",
        "negara": "Reason get law.",
        "kode_pos": "Short about husband."
    }
},
{
    "model": "toko.alamatpengiriman",
    "pk": 42,
    "fields": {
        "user": 7,
        "alamat_1": "Structure tend trade.",
        "alamat_2": "Wrong hold wall deal cause within.",
        "negara": "Task radio create.",
        "kode_pos": "Point send."
    }
},
{
    "model": "toko.alamatpengiriman",
    "pk": 43,
    "fields": {
        "user": 16,
        "alamat_1": "Successful western kitchen open.",
        "alamat_2": "Note use think American cold meeting.",
        "negara": "Hold total if new.",
        "kode_pos": "Question throw."
    }
},
{
    "model": "toko.alamatpengiriman",
    "pk": 44,
    "fields": {
        "user": 17,
        "alamat_1": "Ready agency term kid catch occur.",
        "alamat_2": "Capital green product couple.",
        "negara": "Owner deal woman.",
        "kode_pos": "Water much sense."
    }
},
{
    "model": "toko.alamatpengiriman",
    "pk": 45,
    "fields": {
        "user": 14,
        "alamat_1": "Test east record.",
        "alamat_2": "Possible he ago win hear evening.",
        "negara": "Office cause others.",
        "kode_pos": "Member remain."
    }
},
{
    "model": "toko.alamatpengiriman",
    "pk": 46,
    "fields": {
        "user": 5,
        "alamat_1": "Certainly defense very couple.",
        "alamat_2": "Whole above another practice condition.",
        "negara": "Authority like.",
        "kode_pos": "Your consider leg."
    }
},
{
    "model": "toko.alamatpengiriman",
    "pk": 47,
    "fields": {
        "user": 30,
        "alamat_1": "Energy involve health bar safe thing such.",
        "alamat_2": "Treat why early price hand idea hard list.",
        "negara": "Including control.",
        "kode_pos": "Career dark."
    }
},
{
    "model": "toko.alamatpengiriman",
    "pk": 48,
    "fields": {
        "user": 43,
        "alamat_1": "Build us site road. Carry war man wait air.",
        "alamat_2": "Character letter us. Four next guess office.",
        "negara": "Day they take north.",
        "kode_pos": "Use customer light."
    }
},
{
    "model": "toko.alamatpengiriman",
    "pk": 49,
    "fields": {
        "user": 29,
        "alamat_1": "Magazine reveal anything.",
        "alamat_2": "Writer always such window every outside.",
        "negara": "Despite officer.",
        "kode_pos": "Tend culture trade."
    }
},
{
    "model": "toko.alamatpengiriman",
    "pk": 50,
    "fields": {
        "user": 24,
        "alamat_1": "Ago it ahead sea picture threat.",
        "alamat_2": "Lawyer he attention low like officer require may.",
        "negara": "Rather establish.",
        "kode_pos": "Bag benefit bad."
    }
},
{
    "model": "toko.payment",
    "pk": 1,
    "fields": {
        "user": 49,
        "amount": 0.17304914802855942,
        "timestamp": "1972-08-31T03:26:18Z",
        "payment_option": "P",
        "charge_id": "Simple billion field. Career ground season."
    }
},
{
    "model": "toko.payment",
    "pk": 2,
    "fields": {
        "user": 48,
        "amount": 0.25211617064411507,
        "timestamp": "2016-01-18T21:42:41Z",
        "payment_option": "P",
        "charge_id": "Total hope box see young. Suddenly likely such."
    }
},
{
    "model": "toko.payment",
    "pk": 3,
    "fields": {
        "user": 17,
        "amount": 0.5417431049967334,
        "timestamp": "2003-03-20T07:08:44Z",
        "payment_option": "P",
        "charge_id": "Approach lay per skill."
    }
},
{
    "model": "toko.payment",
    "pk": 4,
    "fields": {
        "user": 31,
        "amount": 0.25967201473464885,
        "timestamp": "1976-11-05T16:22:18Z",
        "payment_option": "P",
        "charge_id": "Family sort painting wait."
    }
},
{
    "model": "toko.payment",
    "pk": 5,
    "fields": {
        "user": 17,
        "amount": 0.3525198502082213,
        "timestamp": "2019-06-21T20:32:36Z",
        "payment_option": "P",
        "charge_id": "Her dog what green. Keep performance it military."
    }
},
{
    "model": "toko.payment",
    "pk": 6,
    "fields": {
        "user": 30,
        "amount": 0.3978125938730036,
        "timestamp": "1992-08-24T00:07:51Z",
        "payment_option": "S",
        "charge_id": "Third ready talk billion."
    }
},
{
    "model": "toko.payment",
    "pk": 7,
    "fields": {
        "user": 41,
        "amount": 0.2425253643572225,
        "timestamp": "1996-10-03T11:01:44Z",
        "payment_option": "P",
        "charge_id": "Son option treat throw push that pull."
    }
},
{
    "model": "toko.payment",
    "pk": 8,
    "fields": {
        "user": 20,
        "amount": 0.9373276995524251,
        "timestamp": "1985-01-09T17:05:23Z",
        "payment_option": "S",
        "charge_id": "He hundred onto rich officer."
    }
},
{
    "model": "toko.payment",
    "pk": 9,
    "fields": {
        "user": 5,
        "amount": 0.30940860667530423,
        "timestamp": "1991-06-30T01:28:36Z",
        "payment_option": "S",
        "charge_id": "Situation project ready different whom car."
    }
},
{
    "model": "toko.payment",
    "pk": 10,
    "fields": {
        "user": 21,
        "amount": 0.9172981353792017,
        "timestamp": "1973-06-30T01:29:43Z",
        "payment_option": "S",
        "charge_id": "Prepare look talk. Mind some improve exactly."
    }
},
{
    "model": "toko.payment",
    "pk": 11,
    "fields": {
        "user": 19,
        "amount": 0.5233562738083795,
        "timestamp": "1988-06-18T12:18:56Z",
        "payment_option": "S",
        "charge_id": "Suffer professional boy body."
    }
},
{
    "model": "toko.payment",
    "pk": 12,
    "fields": {
        "user": 45,
        "amount": 0.24044062455256754,
        "timestamp": "1991-08-15T12:06:09Z",
        "payment_option": "P",
        "charge_id": "Might its another let left sign staff."
    }
},
{
    "model": "toko.payment",
    "pk": 13,
    "fields": {
        "user": 49,
        "amount": 0.862939323897172,
        "timestamp": "1992-01-04T14:25:16Z",
        "payment_option": "S",
        "charge_id": "Go with take participant statement likely arm."
    }
},
{
    "model": "toko.payment",
    "pk": 14,
    "fields": {
        "user": 2,
        "amount": 0.39752137605440907,
        "timestamp": "1977-06-15T14:52:33Z",
        "payment_option": "S",
        "charge_id": "Move show music position job. Present girl prove."
    }
},
{
    "model": "toko.payment",
    "pk": 15,
    "fields": {
        "user": 2,
        "amount": 0.3208483197976857,
        "timestamp": "1981-10-17T23:15:51Z",
        "payment_option": "S",
        "charge_id": "Moment happy sit find rich various particular up."
    }
},
{
    "model": "toko.payment",
    "pk": 16,
    "fields": {
        "user": 7,
        "amount": 0.7006652794869971,
        "timestamp": "1988-03-27T05:48:48Z",
        "payment_option": "S",
        "charge_id": "Democratic prevent maybe first he article north."
    }
},
{
    "model": "toko.payment",
    "pk": 17,
    "fields": {
        "user": 26,
        "amount": 0.8416690168332756,
        "timestamp": "1995-06-13T22:08:02Z",
        "payment_option": "S",
        "charge_id": "Long time write fight."
    }
},
{
    "model": "toko.payment",
    "pk": 18,
    "fields": {
        "user": 10,
        "amount": 0.35330576665686675,
        "timestamp": "2009-06-25T22:54:06Z",
        "payment_option": "P",
        "charge_id": "Must her authority future trip."
    }
},
{
    "model": "toko.payment",
    "pk": 19,
    "fields": {
        "user": 9,
        "amount": 0.43652679583245435,
        "timestamp": "1974-11-04T23:09:41Z",
        "payment_option": "P",
        "charge_id": "Sort alone despite try."
    }
},
{
    "model": "toko.payment",
    "pk": 20,
    "fields": {
        "user": 19,
        "amount": 0.5330984066258285,
        "timestamp": "1980-07-19T14:40:56Z",
        "payment_option": "S",
        "charge_id": "Everyone room message."
    }
},
{
    "model": "toko.payment",
    "pk": 21,
    "fields": {
        "user": 31,
        "amount": 0.4241668695136126,
        "timestamp": "2022-10-12T01:21:14Z",
        "payment_option": "S",
        "charge_id": "Game may reach think. See realize at continue."
    }
},
{
    "model": "toko.payment",
    "pk": 22,
    "fields": {
        "user": 22,
        "amount": 0.7020011838180469,
        "timestamp": "1985-12-25T15:39:35Z",
        "payment_option": "S",
        "charge_id": "Feeling behind population west star speak major."
    }
},
{
    "model": "toko.payment",
    "pk": 23,
    "fields": {
        "user": 13,
        "amount": 0.3621439810587628,
        "timestamp": "1972-02-01T04:33:37Z",
        "payment_option": "S",
        "charge_id": "Finish detail whole sure garden window."
    }
},
{
    "model": "toko.payment",
    "pk": 24,
    "fields": {
        "user": 28,
        "amount": 0.39413918085854016,
        "timestamp": "1988-04-12T06:21:13Z",
        "payment_option": "S",
        "charge_id": "Clearly simple sign four."
    }
},
{
    "model": "toko.payment",
    "pk": 25,
    "fields": {
        "user": 24,
        "amount": 0.7581047169513073,
        "timestamp": "2017-07-24T14:22:55Z",
        "payment_option": "S",
        "charge_id": "Know table us support respond lot."
    }
},
{
    "model": "toko.payment",
    "pk": 26,
    "fields": {
        "user": 20,
        "amount": 0.9183156801394732,
        "timestamp": "1982-11-29T03:20:16Z",
        "payment_option": "S",
        "charge_id": "Article rich new soldier next. Weight much dark."
    }
},
{
    "model": "toko.payment",
    "pk": 27,
    "fields": {
        "user": 13,
        "amount": 0.5411508124568328,
        "timestamp": "2020-02-25T22:53:22Z",
        "payment_option": "P",
        "charge_id": "Southern majority another early member design."
    }
},
{
    "model": "toko.payment",
    "pk": 28,
    "fields": {
        "user": 21,
        "amount": 0.1589825477568494,
        "timestamp": "1988-11-14T06:40:48Z",
        "payment_option": "P",
        "charge_id": "Baby memory change fish."
    }
},
{
    "model": "toko.payment",
    "pk": 29,
    "fields": {
        "user": 10,
        "amount": 0.8150405979193928,
        "timestamp": "2012-03-25T23:59:01Z",
        "payment_option": "P",
        "charge_id": "Popular whatever once four four much than soon."
    }
},
{
    "model": "toko.payment",
    "pk": 30,
    "fields": {
        "user": 45,
        "amount": 0.8598880927245253,
        "timestamp": "2018-08-29T17:50:31Z",
        "payment_option": "P",
        "charge_id": "Trip off near sound."
    }
},
{
    "model": "toko.payment",
    "pk": 31,
    "fields": {
        "user": 23,
        "amount": 0.10671576975223596,
        "timestamp": "1999-06-10T02:25:59Z",
        "payment_option": "S",
        "charge_id": "Issue any draw exist."
    }
},
{
    "model": "toko.payment",
    "pk": 32,
    "fields": {
        "user": 11,
        "amount": 0.6392773747404265,
        "timestamp": "1986-05-23T03:25:31Z",
        "payment_option": "P",
        "charge_id": "Indicate realize personal field."
    }
},
{
    "model": "toko.payment",
    "pk": 33,
    "fields": {
        "user": 5,
        "amount": 0.48585989916748773,
        "timestamp": "2003-03-16T17:35:04Z",
        "payment_option": "S",
        "charge_id": "Effort middle land industry above."
    }
},
{
    "model": "toko.payment",
    "pk": 34,
    "fields": {
        "user": 22,
        "amount": 0.5411131217944891,
        "timestamp": "2014-07-02T20:10:32Z",
        "payment_option": "P",
        "charge_id": "One Congress concern service standard shake want."
    }
},
{
    "model": "toko.payment",
    "pk": 35,
    "fields": {
        "user": 23,
        "amount": 0.07123049221395761,
        "timestamp": "2020-08-22T03:33:21Z",
        "payment_option": "P",
        "charge_id": "Minute nor by true fish forward her."
    }
},
{
    "model": "toko.payment",
    "pk": 36,
    "fields": {
        "user": 47,
        "amount": 0.1902722182362232,
        "timestamp": "2002-12-31T22:42:40Z",
        "payment_option": "S",
        "charge_id": "Whom notice plant special. Again ball view care."
    }
},
{
    "model": "toko.payment",
    "pk": 37,
    "fields": {
        "user": 2,
        "amount": 0.7386366476899253,
        "timestamp": "1990-07-25T13:11:46Z",
        "payment_option": "P",
        "charge_id": "Front light none price detail administration."
    }
},
{
    "model": "toko.payment",
    "pk": 38,
    "fields": {
        "user": 13,
        "amount": 0.00444768775150306,
        "timestamp": "2020-01-19T07:12:14Z",
        "payment_option": "P",
        "charge_id": "Human small majority employee. Almost check onto."
    }
},
{
    "model": "toko.payment",
    "pk": 39,
    "fields": {
        "user": 36,
        "amount": 0.4455090879931153,
        "timestamp": "1980-12-07T07:22:26Z",
        "payment_option": "P",
        "charge_id": "Speech reveal this product. Continue song move."
    }
},
{
    "model": "toko.payment",
    "pk": 40,
    "fields": {
        "user": 14,
        "amount": 0.4334394281520003,
        "timestamp": "1989-04-13T19:08:46Z",
        "payment_option": "S",
        "charge_id": "Over analysis lot value always side common."
    }
},
{
    "model": "toko.payment",
    "pk": 41,
    "fields": {
        "user": 2,
        "amount": 0.10913130298110774,
        "timestamp": "1980-07-29T18:56:41Z",
        "payment_option": "P",
        "charge_id": "Teacher memory peace above represent be father."
    }
},
{
    "model": "toko.payment",
    "pk": 42,
    "fields": {
        "user": 36,
        "amount": 0.06305861136838042,
        "timestamp": "1977-08-26T05:11:52Z",
        "payment_option": "S",
        "charge_id": "Road authority some thus operation high."
    }
},
{
    "model": "toko.payment",
    "pk": 43,
    "fields": {
        "user": 29,
        "amount": 0.5791343358450947,
        "timestamp": "2001-04-22T13:16:47Z",
        "payment_option": "S",
        "charge_id": "Yourself example cost amount decide tree field."
    }
},
{
    "model": "toko.payment",
    "pk": 44,
    "fields": {
        "user": 16,
        "amount": 0.3031596220345609,
        "timestamp": "1982-08-15T12:39:12Z",
        "payment_option": "S",
        "charge_id": "No quite again send able really."
    }
},
{
    "model": "toko.payment",
    "pk": 45,
    "fields": {
        "user": 33,
        "amount": 0.7627199276100322,
        "timestamp": "1999-03-26T18:11:04Z",
        "payment_option": "P",
        "charge_id": "Quite bank list can join way toward."
    }
},
{
    "model": "toko.payment",
    "pk": 46,
    "fields": {
        "user": 7,
        "amount": 0.6021863309666894,
        "timestamp": "1975-08-14T08:10:14Z",
        "payment_option": "P",
        "charge_id": "Above us social far."
    }
},
{
    "model": "toko.payment",
    "pk": 47,
    "fields": {
        "user": 50,
        "amount": 0.6450086661163458,
        "timestamp": "2008-02-27T04:23:59Z",
        "payment_option": "P",
        "charge_id": "Field card part response investment lead air."
    }
},
{
    "model": "toko.payment",
    "pk": 48,
    "fields": {
        "user": 28,
        "amount": 0.5620345649890994,
        "timestamp": "1985-01-24T12:02:29Z",
        "payment_option": "P",
        "charge_id": "Stand once visit likely talk."
    }
},
{
    "model": "toko.payment",
    "pk": 49,
    "fields": {
        "user": 3,
        "amount": 0.7299534692313284,
        "timestamp": "1985-09-24T06:32:37Z",
        "payment_option": "P",
        "charge_id": "Leader board my forget painting."
    }
},
{
    "model": "toko.payment",
    "pk": 50,
    "fields": {
        "user": 40,
        "amount": 0.8408554996706288,
        "timestamp": "2018-03-03T05:15:09Z",
        "payment_option": "P",
        "charge_id": "Choose various agree wear later our present."
    }
}
]
